{"fx": 603.123291015625, "fy": 602.6153564453125, "ppx": 316.75323486328125, "ppy": 253.32815551757812, "height": 480, "width": 640, "depth_scale": 0.0010000000474974513}